gameID,Reg,Role,earnings,gold,silver,bronze,s-tier
Bo,China,Jungle,30670.0,0,1,0,0
Finn,Europe,Top,28967.0,1,2,3,0
Winston,North America,Jungle,6340.0,4,3,2,0
Zeus,Korea,Top,4811.0,1,1,0,0
Revenge,North America,Top,160.0,0,1,0,0
Canyon,Korea,Jungle,344963.0,7,2,1,5
Gori,Korea,Mid,22679.0,2,0,1,1
Mark,China,Support,37399.0,2,1,0,0
Chieftain,Korea,Jungle,6874.0,0,1,0,0
AHaHaCiK,Russia,Jungle,56907.0,8,1,0,0
Gumayusi,Korea,ADC,59851.0,3,2,0,0
Becca,Korea,Support,1753.0,2,0,0,0
SLT,Europe,Top,10331.0,1,2,3,0
Szygenda,Europe,Top,19179.0,4,3,1,0
Neon,Europe,ADC,45166.0,3,4,0,0
Eyla,North America,Support,6000.0,3,3,1,0
Kabbie,Korea,Support,12869.0,1,0,0,0
Taeyoon,Korea,ADC,910.0,1,0,0,0
Ucal,Korea,Mid,87281.0,1,1,1,1
Rebel,Korea,Support,3257.0,1,0,0,0
Kellin,Korea,Support,28728.0,0,2,2,0
Cryin,China,Mid,102559.0,4,0,0,2
Dhokla,North America,Top,7275.0,3,2,2,0
Agurin,Europe,Jungle,22077.0,6,2,1,0
ShowMaker,Korea,Mid,347609.0,8,2,1,5
Sertuss,Europe,Mid,34263.0,4,3,2,0
Johnsun,North America,ADC,1600.0,0,0,0,0
Kingen,Korea,Top,23910.0,1,0,0,1
Tutsz,Brazil,Mid,4761.0,1,0,0,0
Allorim,North America,Top,2378.0,0,2,1,0
Armao,North America,Jungle,62000.0,3,4,1,0
Targamas,Europe,Support,49212.0,13,4,5,0
Supa,Europe,ADC,2383.0,0,2,0,0
SMILEY,Europe,ADC,23886.0,3,6,4,0
Shernfire,North America,Jungle,35936.0,5,2,1,1
Razork,Europe,Jungle,13702.0,1,6,0,0
BAO,Korea,ADC,1753.0,2,0,0,0
Hyoga,Brazil,Jungle,3384.0,1,0,1,0
Send0o,Europe,Top,32775.0,8,11,2,1
Froggen,Europe,Mid,84313.0,4,1,2,1
Insanity,North America,Mid,1600.0,0,0,0,0
Zzus,Korea,Support,10621.0,2,0,1,1
JayJ,North America,Support,11300.0,2,0,0,0
Doinb,China,Mid,401782.0,3,8,5,3
Saken,Europe,Mid,52296.0,7,7,3,0
Deft,Korea,ADC,442594.0,8,9,5,6
Ferret,Turkey,Jungle,1000.0,2,1,0,0
Destiny,North America,Support,23836.0,5,3,1,1
MagiFelix,Europe,Mid,29654.0,13,5,1,1
Jett,Korea,Mid,13801.0,2,0,0,0
Yeon,North America,ADC,10270.0,5,3,1,0
Decky,Korea,Top,357.0,0,1,0,0
113,Europe,Top,1878.0,2,0,0,0
Keduii,Europe,ADC,31231.0,4,6,2,0
Decay,Europe,Mid,3614.0,1,2,2,0
Doublelift,North America,ADC,333438.0,10,9,2,9
Oscarinin,Europe,Top,3736.0,0,2,0,0
Philip,North America,Top,1140.0,0,0,0,0
Bdd,Korea,Mid,273033.0,3,6,2,2
Jenax,Europe,Top,18816.0,1,5,2,0
Hena,Korea,ADC,3186.0,0,0,0,0
Kiin,Korea,Top,90451.0,1,3,2,0
Berserker,North America,ADC,7128.0,3,1,0,0
Ablazeolive,North America,Mid,2800.0,1,0,1,0
Hoya,Korea,Top,2850.0,0,0,0,0
Ruler,Korea,ADC,664007.0,6,6,3,1
HyBriD,Korea,ADC,6472.0,0,0,1,0
Busio,North America,Support,1180.0,0,0,1,0
Delight,Korea,Support,903.0,1,0,0,0
XLB,China,Jungle,36014.0,2,2,0,0
Kobbe,Europe,ADC,71096.0,3,2,3,1
Flakked,Europe,ADC,1371.0,0,1,0,0
Eckas,Europe,Jungle,4234.0,3,1,0,0
Missing,China,Support,21148.0,1,2,2,0
Ellim,Korea,Jungle,25759.0,3,1,0,1
Muru,Korea,Support,535.0,1,0,0,0
Karis,Korea,Mid,25003.0,3,1,0,0
Strompest,North America,Mid,2150.0,3,2,2,0
Route,Korea,ADC,8355.0,0,0,1,0
Tian,China,Jungle,348885.0,2,5,2,2
Odoamne,Europe,Top,172452.0,6,2,8,1
Bay,Korea,Mid,5410.0,0,1,1,0
gyuvee,Korea,Top,511.0,2,0,0,0
RedBert,Brazil,Support,27343.0,4,2,1,0
Ellam,Europe,ADC,15295.0,4,1,0,0
Kerberos,Europe,Top,11132.0,7,4,5,0
Enga,Latin America,Mid,893.0,2,1,1,0
Hoit,Korea,Support,17254.0,2,0,1,0
Giyuu,Turkey,Mid,2200.0,0,2,0,0
rjs,North America,Mid,4351.0,1,0,0,0
Lucas,China,Support,29269.0,2,0,1,0
Wayne,Korea,ADC,4358.0,0,1,0,0
Alexx,Europe,Jungle,392.0,1,1,0,0
Kadir,Europe,Jungle,7995.0,0,3,1,0
Trymbi,Europe,Support,43099.0,2,2,1,0
Hakuho,North America,Support,4000.0,0,0,1,0
Youdang,China,Jungle,4571.0,1,2,0,0
Markoon,Europe,Jungle,10962.0,2,2,0,0
UNF0RGIVEN,Europe,ADC,3431.0,1,0,0,0
Angel,China,Mid,112210.0,3,2,1,0
Dove,Korea,Top,11739.0,0,2,2,0
Comp,Europe,ADC,28451.0,8,3,1,0
Jeskla,Europe,ADC,22754.0,3,4,0,0
ppgod,China,Support,8736.0,0,0,1,0
RKR,Europe,Mid,19158.0,3,0,0,0
Effort,Korea,Support,81052.0,2,1,0,2
Kirei,Europe,Jungle,21357.0,2,3,3,0
Ruby,China,Mid,5593.0,0,2,0,0
JunJia,China,Jungle,69224.0,2,0,0,1
Copy,North America,Mid,10520.0,2,5,0,0
Jankos,Europe,Jungle,475177.0,8,3,4,7
Minerva,Brazil,Jungle,20795.0,4,5,1,0
Juhan,Korea,Jungle,6757.0,0,1,2,0
Mireu,Korea,Mid,7957.0,1,0,0,0
Fisher,Korea,Mid,1233.0,2,1,0,0
Raven,Europe,Top,9370.0,1,0,0,0
Raven,Europe,Top,6304.0,0,1,0,0
Raven,Europe,Top,854.0,0,0,2,0
Lurox,Europe,Jungle,24858.0,3,3,4,0
Viper,China,ADC,257895.0,5,3,2,3
ON,China,Support,20132.0,1,0,1,0
Lehends,Korea,Support,83276.0,3,3,1,1
ShiauC,China,Support,32806.0,2,0,1,2
Sleeping,Europe,Top,24304.0,5,5,0,0
Skeanz,Europe,Jungle,23148.0,5,6,4,0
Evrot,Brazil,Mid,2634.0,0,1,0,0
Karsa,China,Jungle,624814.0,13,4,1,10
Shikari,Europe,Top,13197.0,13,3,1,0
Fresskowy,Europe,Mid,2728.0,0,2,0,0
Frappii,Russia,ADC,6983.0,2,4,0,0
Vizicsacsi,Europe,Top,84394.0,1,10,2,0
Keine,Korea,Mid,2237.0,0,0,0,0
Sylvie,Korea,Jungle,2343.0,0,1,2,0
Newbie,North America,Support,23360.0,1,6,4,0
Ceos,Brazil,Support,9057.0,3,0,3,0
Castle,Korea,Top,2201.0,1,0,0,0
Melonik,Europe,Top,10781.0,1,0,1,0
Destroy,Korea,Top,3217.0,0,0,2,0
Cube,China,Top,18383.0,1,1,0,0
IgNar,North America,Support,103331.0,1,3,3,0
Quid,Korea,Mid,913.0,2,0,0,0
Stefan,Europe,Jungle,8683.0,2,2,0,0
Yoppa,Europe,Top,11246.0,2,2,2,0
Jojopyun,North America,Mid,3000.0,0,1,0,0
Phlaty,Russia,Mid,16805.0,0,4,1,0
Zven,North America,ADC,295293.0,8,11,2,5
Yagao,China,Mid,188058.0,2,3,4,1
Innaxe,Europe,ADC,29086.0,4,7,0,0
Hope,China,ADC,36553.0,0,1,0,0
Bean,Europe,ADC,20625.0,1,3,1,0
Pride,Europe,Top,18708.0,4,3,0,0
Pride,Europe,Top,5544.0,0,2,0,0
twohoyrz,Europe,Mid,6054.0,1,0,1,0
Milica,Europe,Mid,15930.0,6,2,2,0
FATE,Korea,Mid,5183.0,0,0,2,0
Kikis,Europe,Jungle,80810.0,4,5,6,1
Eika,Europe,Mid,38458.0,12,5,2,0
Rekkles,Europe,ADC,475412.0,9,11,6,5
Mikyx,Europe,Support,295496.0,7,2,1,6
Tore,Europe,Support,31944.0,2,2,0,0
Tactical,North America,ADC,80740.0,3,4,1,0
Meiko,China,Support,548639.0,13,3,3,8
Summit,North America,Top,15977.0,1,1,1,0
Carzzy,Europe,ADC,100957.0,6,1,1,2
SofM,China,Jungle,138250.0,2,2,2,0
Rich,Korea,Top,35464.0,3,2,0,0
Rich,Korea,Top,11632.0,0,2,1,0
Rich,PCS,Support,35464.0,3,2,0,0
Rich,PCS,Support,11632.0,0,2,1,0
UmTi,Korea,Jungle,16366.0,0,1,0,0
Tiger,Europe,ADC,7151.0,4,1,1,0
Bull,Korea,ADC,3997.0,0,2,0,0
Zeyzal,North America,Support,139853.0,3,6,2,0
Killua,China,Support,36905.0,1,2,2,1
Grell,Latin America,Jungle,11282.0,0,5,1,0
Thal,Korea,Top,15841.0,1,2,0,0
Morgan,Korea,Top,38451.0,1,1,1,0
OnFleek,Korea,Jungle,12713.0,0,2,1,0
Flandre,China,Top,218145.0,2,1,2,2
Doran,Korea,Top,57052.0,1,2,1,0
huanfeng,China,ADC,126869.0,3,1,1,0
Aspect,North America,Mid,3220.0,1,1,1,0
Klaus,Brazil,ADC,2984.0,0,2,0,0
Croco,Korea,Jungle,4768.0,0,0,1,0
Professor,Brazil,Support,6358.0,0,2,2,0
Crisp,China,Support,354755.0,2,4,2,2
Pobelter,North America,Mid,135942.0,3,3,3,3
Chasy,Korea,Top,12224.0,3,0,0,0
Punch,Korea,Jungle,22154.0,1,3,1,0
Hang,China,Support,18383.0,1,0,0,0
Dice,Korea,Mid,8435.0,1,0,1,0
Jinjiao,China,Support,77833.0,1,3,1,0
Burdol,Korea,Top,36105.0,1,2,0,0
Aodi,China,Top,61570.0,2,0,0,2
5Kid,Korea,ADC,1671.0,0,0,0,0
369,China,Top,214594.0,3,4,1,2
GimGoon,Korea,Top,252048.0,2,1,3,2
New,China,Top,1465.0,0,1,0,0
Rainbow,Latin America,Mid,8283.0,1,0,1,0
BuLLDoG,Korea,Mid,3629.0,0,2,0,0
Mitsuki,China,Support,12442.0,2,0,0,0
ping,China,Jungle,4532.0,0,1,0,0
Malrang,Korea,Jungle,43057.0,1,1,1,1
Evolved,North America,Jungle,2200.0,1,2,0,0
SoHwan,Korea,Top,21907.0,0,1,0,0
Disave,Brazil,ADC,5340.0,1,0,1,0
Garvey,China,Top,14369.0,0,1,0,0
Nemesis,Korea,Mid,98428.0,7,4,1,1
Chime,North America,Support,3000.0,2,0,0,0
Meaning,Korea,Top,928.0,2,2,0,0
Fly,Korea,Mid,44815.0,3,3,2,0
Kenvi,North America,Jungle,6220.0,2,1,3,0
Stunt,North America,No_Fixed,8000.0,1,0,1,0
Blaber,North America,Jungle,193038.0,5,3,1,2
Zhuo,China,Support,23353.0,2,0,0,0
Sangchu,Korea,Top,965.0,1,0,0,0
Asper,Korea,Support,9026.0,2,0,1,0
LokeN,China,ADC,207782.0,4,5,4,1
Yaharong,Korea,Mid,10486.0,0,1,0,0
Pirean,Japan,Mid,4031.0,0,1,1,0
CaD,Korea,Jungle,7094.0,0,1,0,0
Wink,China,ADC,5973.0,0,0,0,0
Yusin,Korea,Support,2399.0,0,0,1,0
Meteor,China,Jungle,12754.0,0,1,1,0
705,China,Top,72451.0,2,0,0,1
Closer,North America,Jungle,41063.0,3,1,0,2
Blue,Europe,Mid,1785.0,2,1,0,0
Xerxe,North America,Jungle,58027.0,1,3,3,1
Hantera,Europe,Support,3863.0,1,1,0,0
Jiejie,China,Jungle,191196.0,2,1,3,2
Dreamer Ace,Europe,Support,8279.0,0,3,0,0
SaNTaS,Russia,Support,68191.0,8,4,0,0
Obsess,Europe,Jungle,37504.0,3,5,3,0
Jactroll,Europe,Support,68795.0,4,2,2,0
Serin,Turkey,Mid,1000.0,2,1,0,0
Lucker,Europe,ADC,12315.0,4,1,1,0
Pak,Europe,Mid,1482.0,0,3,0,0
XUN,China,Jungle,14615.0,1,0,1,0
Koldo,Europe,Jungle,2941.0,0,0,0,0
Efias,Europe,Support,3915.0,2,2,0,0
Alois,Europe,Top,10190.0,7,2,0,0
Dajor,Europe,Mid,7596.0,0,2,0,0
Yang,Brazil,Top,33740.0,6,5,0,2
Nukes,Europe,Support,27027.0,4,4,1,0
Xico,Europe,Mid,5266.0,2,2,1,0
Advienne,Europe,Support,9752.0,1,1,0,0
BOSS,Russia,Top,60489.0,8,1,0,0
Soul,Russia,Jungle,674.0,0,0,0,0
Cariok,Brazil,Jungle,8956.0,2,2,1,0
Hans sama,North America,ADC,111972.0,3,2,2,0
Humanoid,Europe,Mid,142211.0,5,1,1,2
Olleh,North America,Support,114025.0,2,5,0,2
Prime,Europe,Support,5322.0,4,2,0,0
Adam,Europe,Top,36533.0,3,1,2,0
SnowFlower,Korea,Support,41151.0,4,0,1,1
Ranger,Brazil,Jungle,27116.0,3,1,1,1
Prince,Korea,ADC,36790.0,1,1,1,0
Betty,China,ADC,194014.0,7,0,4,6
Selfmade,Europe,Jungle,65719.0,5,3,0,0
Peanut,Korea,Jungle,531539.0,5,12,1,4
Patrik,Europe,ADC,17711.0,2,1,0,1
Drop,Brazil,ADC,496.0,0,0,0,0
Dardoch,North America,No_Fixed,15000.0,0,1,2,0
Avenger,Brazil,Mid,12212.0,3,0,2,0
Eric,China,ADC,109.0,0,0,0,0
JackeyLove,China,ADC,841011.0,9,3,2,5
Life,Korea,Support,118432.0,1,3,2,0
HamBak,Korea,Jungle,849.0,1,1,0,0
Maynter,Russia,Top,661.0,0,0,0,0
Aiming,China,ADC,27810.0,0,2,1,0
Ronaldo,Europe,Mid,13006.0,8,3,2,0
Bolulu,Turkey,Mid,14304.0,4,2,0,0
Breathe,China,Top,15484.0,0,2,2,0
Elk,China,ADC,21148.0,0,2,2,0
Howling,Korea,Top,899.0,1,0,1,0
FireRain,Korea,Mid,4980.0,0,0,1,0
Maple,PCS,Mid,259725.0,10,2,4,6
Tay,Brazil,Top,19808.0,3,2,0,0
FoFo,China,Mid,40417.0,1,3,3,1
Larssen,Europe,Mid,65607.0,1,4,2,0
XinMo,China,Support,8406.0,1,0,0,0
Forge,China,Mid,26844.0,2,0,0,0
Puff,China,ADC,18301.0,0,0,1,0
Aesenar,Europe,Support,1371.0,0,1,0,0
Xiaohu,China,Top,680083.0,12,4,0,8
Raxxo,Europe,Support,25900.0,2,8,2,0
Gilius,Europe,Jungle,49769.0,2,2,4,0
Nomanz,Russia,Mid,57399.0,8,1,0,0
xMatty,Europe,ADC,47727.0,21,8,4,0
loulex,North America,Jungle,36166.0,1,0,2,1
Able,China,ADC,106919.0,3,0,0,2
Southwind,China,Support,18301.0,0,0,0,0
Twila,China,Mid,17566.0,4,0,0,0
Kruimel,Turkey,Mid,10094.0,3,6,2,0
Attila,Europe,ADC,57148.0,5,0,1,0
Lava,Korea,Mid,12695.0,0,0,0,0
Snow,China,ADC,14615.0,1,0,0,0
DudsTheBoy,Brazil,ADC,9057.0,3,0,3,0
Spica,North America,Jungle,38275.0,1,2,1,1
Keria,Korea,Support,103731.0,1,2,1,0
Nisqy,Europe,Mid,93890.0,3,8,2,2
Fenix,North America,Mid,21890.0,1,2,3,0
Hatrixx,Europe,Mid,12890.0,2,2,1,0
MaRin,Korea,Top,264796.0,3,1,1,3
WildTurtle,North America,ADC,175508.0,5,7,3,4
Clozer,Korea,Mid,6987.0,0,0,0,0
Wendelbo,Turkey,Support,20055.0,5,4,0,0
Shark,Korea,ADC,1155.0,0,0,0,0
Zuao,Brazil,Jungle,5134.0,1,0,4,0
QiuQiu,China,Support,106235.0,1,2,1,1
Mole,China,Mid,28327.0,0,1,2,0
Ksaez,Turkey,Mid,254.0,0,0,1,0
Pyosik,Korea,Jungle,45654.0,0,1,1,0
Lindgarde,Europe,ADC,1753.0,0,1,0,0
Cheoni,Korea,ADC,3568.0,0,1,0,0
micaO,Brazil,ADC,39509.0,6,4,0,1
Tolkin,Europe,Top,46683.0,8,3,2,0
Gango,Japan,ADC,5913.0,0,1,2,0
Biubiu,China,Top,5805.0,0,0,0,0
beansu,Europe,Top,8701.0,2,4,2,0
Clid,Korea,Jungle,250619.0,5,2,4,3
Denyk,Europe,Support,49608.0,3,6,0,0
Chelly,Korea,No_Fixed,3007.0,0,0,1,0
Goku,Brazil,Mid,15551.0,3,5,2,0
Farfetch,Turkey,Support,1000.0,2,0,0,0
Haru,Korea,Jungle,397728.0,4,0,1,2
Nji,Europe,Jungle,12524.0,9,3,0,0
Japone,Turkey,Support,14491.0,1,1,0,0
Lonely,Korea,Top,10708.0,1,0,2,0
Griffon,Russia,Mid,2645.0,0,2,0,0
Valkyrie,Korea,ADC,3452.0,0,1,0,0
Eren,Europe,Mid,4714.0,1,4,0,0
Khan,Korea,Top,444323.0,8,7,1,7
Nuguri,China,Top,262341.0,5,2,1,3
Bini,Korea,ADC,505.0,0,0,0,0
Bin,China,Top,112521.0,2,1,2,0
Kuri,Korea,Support,2526.0,0,0,0,0
TynX,Europe,Jungle,36465.0,5,3,2,0
Palafox,North America,Mid,6200.0,3,1,0,0
FORG1VEN,Europe,ADC,95379.0,1,0,1,0
Winsome,North America,Support,883.0,1,1,0,0
Ben,Korea,Support,193705.0,3,2,2,1
Weiwei,China,Jungle,5805.0,0,0,0,0
iBoy,China,ADC,190136.0,5,1,1,2
JeongHoon,Korea,Support,2857.0,1,0,0,0
Clear,Korea,Top,2090.0,0,1,0,0
Kami,Brazil,No_Fixed,30814.0,3,4,4,0
LvMao,China,Support,188058.0,2,3,4,1
Aegis,Brazil,Jungle,11674.0,3,0,0,0
Baolan,China,Support,684271.0,6,3,4,3
Ryan,Brazil,Jungle,14137.0,1,2,1,0
Beenie,Brazil,ADC,914.0,0,1,0,0
Mask,Korea,Mid,4578.0,0,1,0,0
Sneaky,North America,No_Fixed,303345.0,10,7,0,3
Kadaver,Europe,ADC,3329.0,6,1,1,0
Soligo,North America,Mid,5860.0,3,0,0,0
Samux,Europe,ADC,19115.0,0,2,1,0
Winner,Korea,Jungle,913.0,2,0,0,0
Spooky,Europe,Jungle,12324.0,4,0,0,0
Moojin,Japan,Jungle,82946.0,2,1,1,2
Srtty,North America,Top,3220.0,1,1,1,0
sOAZ,Europe,Coach,446848.0,12,11,2,6
HolyPhoenix,Turkey,ADC,8698.0,6,1,0,0
DuDu,Korea,Top,12447.0,0,0,1,0
Moo,Korea,ADC,4093.0,0,2,0,0
Moo,Korea,ADC,230.0,0,0,0,0
River,PCS,Jungle,50642.0,5,2,1,0
Jezu,Europe,ADC,10811.0,1,0,2,0
Zoom,China,Top,188058.0,2,3,4,1
Jisu,Korea,Top,19634.0,3,3,1,0
Lwx,China,ADC,354755.0,2,4,2,2
Leo,Korea,ADC,6713.0,0,1,0,0
Once,Japan,Jungle,4329.0,1,0,2,0
Santorin,North America,Jungle,147825.0,6,5,0,1
Kuzan,Korea,Mid,25732.0,1,1,0,0
M1kuya,China,Top,15136.0,0,1,0,0
Xiaopeng,China,Jungle,17566.0,4,0,0,0
Jockster,Brazil,Support,32371.0,4,3,0,1
LoveLing,China,Jungle,93900.0,1,3,1,1
Pilot,Korea,ADC,24274.0,1,1,1,0
Absolut,Brazil,ADC,16376.0,3,3,0,0
SoaR,Korea,Top,11312.0,0,3,2,0
DnDn,Korea,Top,2343.0,0,1,2,0
Blessing,Korea,Support,71.0,0,0,1,0
Tempt,Korea,Mid,17288.0,1,0,0,0
ToongE,Korea,ADC,1117.0,1,2,0,0
Dioud,Europe,Support,26588.0,3,1,3,0
Ophelia,Korea,Mid,8702.0,1,1,1,0
Baut,Korea,Support,3568.0,0,1,0,0
Envyy,Korea,ADC,10642.0,2,0,1,0
Ale,China,Top,19859.0,0,1,0,0
Duclou,Brazil,Top,2045.0,0,0,0,0
Lindarang,Korea,Top,16305.0,0,0,0,0
Big,North America,Support,14000.0,4,0,0,0
Diamond,North America,Support,12000.0,2,1,1,0
Zero,China,Support,218370.0,2,2,1,2
Magic,China,Jungle,17160.0,1,0,1,0
ZaZee,Europe,Mid,30461.0,5,2,0,0
Lospa,Korea,Support,913.0,2,0,0,0
Hoon,Turkey,Top,12076.0,1,0,0,0
xiye,China,Mid,216064.0,5,3,1,2
Noah,Korea,ADC,2201.0,1,0,0,0
Cuzz,Korea,Jungle,210305.0,4,5,1,4
Pooh,Russia,ADC,9667.0,0,1,0,0
Pooh,Japan,Support,9667.0,0,1,0,0
Burry,Korea,Jungle,264.0,0,1,0,0
Jelly,Latin America,Support,11894.0,1,0,0,0
Zzanggu,Korea,Mid,251.0,0,1,0,0
HongA,Korea,ADC,71.0,0,0,1,0
CoreJJ,North America,Support,716738.0,8,7,2,3
Niles,North America,Top,6180.0,1,1,4,0
Hanabi,PCS,Top,147548.0,7,1,2,3
Sword,Korea,Top,77590.0,3,3,1,1
Rascal,Korea,Top,197956.0,3,5,3,2
Violet,Oceania,ADC,12893.0,0,0,1,0
Violet,Oceania,ADC,12788.0,1,1,0,0
View,China,Jungle,1465.0,0,0,1,0
Mystiques,North America,Support,17852.0,5,7,1,0
Yoshino,Vietnam,Top,12057.0,3,0,0,0
Flawless,Korea,Jungle,93606.0,2,4,1,1
Beyond,Korea,Jungle,19352.0,0,2,0,0
Beyond,Vietnam,Mid,19352.0,0,2,0,0
Kazu,Japan,Support,21989.0,3,1,0,0
Wiz,Brazil,Jungle,3254.0,1,0,0,0
Gaeng,Japan,Support,110531.0,6,1,2,0
Scout,China,Mid,476082.0,9,2,3,7
Agresivoo,Europe,Top,35964.0,5,4,4,0
Abbedagge,North America,Mid,54671.0,3,2,2,2
Pyrka,Europe,Support,8694.0,2,0,4,0
Kynetic,Europe,ADC,4206.0,0,2,2,0
Rahel,Korea,ADC,34515.0,1,0,0,1
Mytant,Russia,ADC,661.0,0,1,0,0
Sacre,Europe,Top,18566.0,5,4,1,0
Djoko,Europe,Jungle,30280.0,9,4,0,0
Caps,Europe,Mid,562862.0,11,3,4,9
Bravado,Europe,Support,9750.0,4,1,2,0
PowerOfEvil,North America,Mid,121830.0,1,7,5,0
Elyoya,Europe,Jungle,66955.0,3,1,0,2
Grevthar,Brazil,Mid,8726.0,1,0,0,0
Diamondprox,Brazil,Jungle,144378.0,9,6,1,1
Wos,Brazil,Support,12471.0,4,4,0,0
Kackos,Europe,Top,4062.0,0,2,1,0
Meleks,Russia,Support,1128.0,0,0,1,0
Chres,Europe,Mid,41412.0,5,2,2,0
YellOwStaR,Europe,Support,181049.0,7,8,2,5
Don Arts,Europe,Jungle,28990.0,4,2,1,0
Lamabear,Europe,Jungle,3362.0,1,0,0,0
Robo,Brazil,Top,30232.0,6,3,1,1
Wizer,Brazil,Top,3928.0,0,0,1,0
kRYST4L,China,ADC,37369.0,0,1,1,0
Tomio,North America,Jungle,3220.0,1,2,1,0
zs,China,Top,14615.0,1,0,0,0
KaKAO,Korea,Jungle,82348.0,3,2,5,1
Cabochard,Europe,Top,60150.0,2,4,1,0
Kanavi,China,Jungle,131823.0,1,2,2,1
GuGer,Korea,Support,36071.0,2,6,0,0
Sinmivak,Europe,Top,10152.0,3,0,3,0
Nasser,Europe,Jungle,422.0,0,1,1,0
Nuclear,Korea,No_Fixed,62417.0,3,1,1,1
Kreox,Russia,Jungle,28670.0,1,3,1,0
Wings,China,ADC,5862.0,0,1,0,0
Keshi,Korea,Support,4994.0,0,1,0,0
Miracle,Russia,Support,1336.0,0,0,0,0
Alu,China,Support,16204.0,2,0,0,0
Peach,Korea,Jungle,1246.0,2,0,0,0
Lourlo,North America,Top,9100.0,1,0,0,0
Unified,PCS,ADC,61368.0,6,1,1,0
CuVee,Korea,No_Fixed,562064.0,5,3,1,1
Canna,Korea,Top,83494.0,2,2,0,1
Oner,Korea,Jungle,58173.0,3,3,0,0
MnM,PCS,ADC,10140.0,0,0,0,0
Bvoy,Latin America,ADC,34915.0,0,4,0,0
Ggoong,Korea,Coach,44527.0,0,3,0,0
Riss,Korea,Top,3568.0,0,1,0,0
Eden Fox,Turkey,Mid,1104.0,0,2,1,0
Key,Korea,No_Fixed,30095.0,2,0,0,0
Minit,Korea,Support,10414.0,0,3,0,0
Value,North America,ADC,12180.0,5,0,3,0
Chovy,Korea,Mid,159439.0,3,5,3,1
Jjun,Korea,Jungle,14925.0,3,1,1,0
yuyanjia,China,Support,174422.0,3,1,1,2
Qingtian,China,Top,15489.0,1,0,0,0
Bruce,PCS,ADC,16771.0,1,2,1,0
xTyLk,Russia,Mid,5227.0,1,3,0,0
Ventair,Europe,Top,18242.0,5,1,3,0
Enso,PCS,Jungle,6218.0,0,0,1,0
Only35,Turkey,Support,3470.0,2,1,0,0
kaSing,Europe,Support,40147.0,6,7,6,1
PraY,Korea,ADC,394085.0,5,8,1,4
Svenskeren,North America,Jungle,280214.0,5,6,2,4
Fudge,North America,Mid,55750.0,4,2,1,1
Faker,Korea,Mid,1498711.0,18,9,3,16
Jaeger,Europe,Top,15560.0,2,1,4,0
TeamLuke,North America,ADC,400.0,0,0,0,0
Bjergsen,North America,No_Fixed,246259.0,9,9,1,7
Kiaya,Vietnam,Mid,27883.0,2,2,1,0
Rylle,Europe,Mid,383.0,0,0,1,0
Naru,Turkey,Mid,20993.0,4,1,1,1
Frozen,Korea,No_Fixed,32881.0,2,2,0,1
Frozen,Korea,No_Fixed,6210.0,6,1,0,0
Bugi,Latin America,Jungle,46246.0,2,1,3,1
Lilipp,Europe,Support,3173.0,0,0,1,0
takeshi,Brazil,Mid,17004.0,1,6,2,1
Manaty,Europe,Jungle,1613.0,1,0,0,0
Crownshot,Europe,ADC,32311.0,8,6,1,0
Road,Korea,Support,60131.0,1,2,2,0
V1per,North America,Top,28600.0,4,1,0,0
xiaolaohu,China,Top,37164.0,0,2,0,0
Dasher,Japan,Top,533.0,0,1,0,0
Ben4,China,Jungle,14631.0,0,1,0,0
Smoothie,North America,Support,121333.0,4,6,1,1
Doxy,Russia,Top,36366.0,4,6,1,0
Roach,Korea,Top,43359.0,2,4,0,1
Carlsen,Europe,Top,383.0,0,0,1,0
Argonavt,Russia,ADC,5786.0,1,0,0,0
Move,Turkey,Jungle,24700.0,3,1,0,1
Halo,Oceania,Mid,5000.0,2,2,0,0
Koala,PCS,Support,61295.0,2,2,3,1
Tom,Korea,Jungle,37359.0,2,0,0,2
Four,Europe,Jungle,11031.0,2,4,1,0
Cinkrof,Europe,Jungle,33561.0,5,5,2,0
Doggo,PCS,ADC,18388.0,0,2,0,0
Ambition,Korea,Jungle,596773.0,8,6,3,2
Khomzar,Russia,Top,776.0,0,0,0,0
Teddy,Korea,ADC,162007.0,4,1,0,4
Vetheo,Europe,Mid,22174.0,2,2,1,0
Smurf,Russia,Top,69882.0,2,5,2,0
MaHa,Korea,No_Fixed,14519.0,0,1,0,0
Ning,China,Jungle,696766.0,5,3,4,3
Smlz,China,ADC,54429.0,2,1,4,2
Untara,Korea,Top,22284.0,0,1,0,0
BroCColi,Turkey,Jungle,2700.0,0,0,1,0
Light,China,ADC,19859.0,0,1,0,0
Knighter,Europe,Mid,1303.0,1,1,0,0
Zenit,Japan,ADC,2657.0,0,0,0,0
Akabane,Europe,Jungle,9076.0,1,0,1,0
Ghost,Korea,ADC,307025.0,5,2,1,4
Shanks,China,Mid,29636.0,1,2,2,0
Amazing,Europe,No_Fixed,93969.0,4,4,1,1
inSec,Korea,Jungle,145833.0,4,2,2,2
Aria,Japan,Mid,48138.0,2,0,1,0
Xiaobai,China,Top,21200.0,1,1,0,1
Maestro,China,Support,5604.0,0,0,0,0
Delitto,Europe,Top,8769.0,3,2,0,0
Shlatan,Europe,Jungle,34723.0,6,5,0,0
Dan,Europe,Jungle,18009.0,8,2,2,0
Mewkyo,Brazil,Jungle,2197.0,1,0,0,0
Unho1y,Russia,ADC,7761.0,1,2,0,0
Teacherma,China,Mid,5664.0,0,0,0,0
Cepted,Korea,Mid,9805.0,1,1,1,0
FeeNiixZ,Europe,Mid,661.0,0,1,0,0
MyKey,Russia,ADC,674.0,0,0,0,0
Shiphtur,North America,Mid,6100.0,0,2,0,0
Arrow,Korea,ADC,82200.0,6,3,2,2
Licorice,North America,Top,153113.0,2,5,0,1
Tarzan,China,Jungle,101099.0,3,4,1,1
Vsta,Korea,Support,30965.0,0,1,2,0
Ziv,China,Top,86726.0,1,4,3,0
SeongHwan,Turkey,Jungle,14901.0,0,0,0,0
Blank,Korea,Jungle,655613.0,5,5,2,5
Toaster,Europe,ADC,26551.0,6,7,3,0
Focus,Turkey,ADC,511.0,1,0,0,0
Rush,Korea,Jungle,27796.0,1,0,2,1
Evi,Japan,Top,127356.0,9,4,3,1
SimSin,Russia,Support,801.0,1,0,0,0
viviD,Japan,Support,12181.0,3,5,1,1
Tomo,North America,ADC,3800.0,2,1,0,0
Biofrost,North America,Support,152075.0,5,0,2,5
Kold,North America,Coach,46111.0,5,2,1,1
Zin,Vietnam,ADC,14673.0,1,0,2,0
Ssumday,North America,Top,163571.0,5,5,1,2
Memento,Europe,Jungle,12399.0,0,2,1,0
Duan,China,Support,26690.0,1,0,0,0
StarScreen,Turkey,Top,1000.0,3,2,0,0
Xx,China,Jungle,41151.0,0,4,1,0
Vulcan,North America,Support,84088.0,4,1,1,2
Selfie,Europe,Mid,12122.0,1,1,0,0
AmazingJ,China,Top,87668.0,2,2,1,0
Exakick,Europe,ADC,6812.0,0,1,1,0
Sedrion,Europe,Support,7695.0,0,2,2,0
esA,Brazil,Support,12504.0,3,7,2,1
Canee,Europe,Jungle,2360.0,0,0,0,0
Mia,Latin America,Support,6477.0,0,1,0,0
Mightybear,Korea,Jungle,12650.0,0,2,0,0
Alphari,North America,Top,144346.0,4,5,0,1
Justice,Korea,Mid,1870.0,0,0,0,0
Rock,PCS,Top,12995.0,0,1,2,0
Kino,PCS,Support,17204.0,0,2,1,0
Hauntzer,North America,Top,132500.0,4,2,2,4
Perkz,North America,Mid,583204.0,13,6,3,12
RotteBengi,Europe,Support,383.0,0,0,1,0
Akaadian,North America,Jungle,11800.0,0,2,0,0
Woolite,Europe,ADC,96340.0,15,8,1,0
Lodik,Russia,ADC,46481.0,4,2,0,0
Cover,Korea,Mid,4023.0,0,0,1,0
Harp,Korea,Support,505.0,0,0,0,0
Kuro,Korea,Mid,292392.0,2,6,3,1
Arnax,Russia,Mid,2505.0,1,1,0,0
Ian,Korea,Mid,16515.0,0,1,1,0
Kongyue,PCS,Jungle,46642.0,0,2,3,0
Uniboy,China,Mid,46042.0,0,2,4,0
Hooks,North America,Support,17520.0,4,3,1,0
icon,China,Mid,38648.0,1,1,1,1
Shrimp,Korea,Jungle,13616.0,1,3,0,0
Dumbledoge,Turkey,Support,11050.0,4,2,0,1
Brandini,North America,Top,6700.0,3,2,0,0
promisq,Europe,Support,41534.0,3,1,0,1
Revolta,Brazil,Jungle,35735.0,5,4,5,2
mithy,North America,Coach,243179.0,8,11,1,4
Paladin,Korea,Top,1441.0,0,0,0,0
Paladin,Korea,Top,1408.0,0,0,1,0
Engo,North America,Top,3660.0,1,0,1,0
Bonnie,Korea,Jungle,5311.0,2,0,1,0
Luger,North America,ADC,10563.0,2,2,3,0
Wolf,Korea,Support,1053271.0,9,7,1,9
Wolf,Korea,Support,1235.0,1,2,0,0
Crazy,Turkey,Top,28861.0,3,0,0,0
pbO,Brazil,ADC,4315.0,2,2,1,0
Solo,North America,Top,39125.0,2,2,0,0
Hard,North America,Jungle,3000.0,0,1,0,0
Inspired,Europe,Jungle,59668.0,1,5,4,0
Tolerant,Europe,Support,15555.0,2,2,2,1
Valhalla,Russia,ADC,776.0,0,0,0,0
Maxim,Russia,Mid,2520.0,1,0,0,0
Dyrus,North America,Top,134031.0,6,9,0,3
Sarkis,Brazil,ADC,3562.0,2,0,0,0
Rare,Turkey,Top,650.0,1,0,0,0
Archer,Japan,ADC,22190.0,1,0,1,0
GorillA,Korea,Support,356840.0,4,10,1,3
Score,Korea,Jungle,196131.0,5,9,5,2
Max,Korea,No_Fixed,16162.0,0,1,0,0
Steeelback,Europe,Support,35301.0,7,1,0,1
Wunder,Europe,Top,401741.0,10,3,1,7
Uzi,China,ADC,595528.0,8,6,1,4
Crush,Korea,Jungle,5833.0,2,0,0,0
Mickey,Korea,Mid,18343.0,1,0,2,0
Matsukaze,Brazil,ADC,11749.0,2,5,0,0
Clearlove,China,Jungle,485773.0,11,3,2,9
TheShy,China,Top,682222.0,5,3,3,3
TitaN,Brazil,ADC,34281.0,7,0,1,1
Zvene,Europe,Top,7579.0,2,1,1,0
3z,PCS,Top,17247.0,1,1,3,0
Keysie,Russia,Mid,2252.0,1,0,0,0
Zergsting,Turkey,Support,10696.0,2,0,0,1
Wind,Korea,ADC,1856.0,0,0,0,0
World6,China,Jungle,17923.0,0,0,0,0
Moyu,China,Top,27863.0,0,2,1,0
GIDEON,Korea,Jungle,1842.0,0,0,0,0
Fury,China,No_Fixed,12862.0,0,0,1,0
yoHan,Korea,Jungle,11737.0,1,0,2,0
WhiteKnight,Europe,Top,23949.0,4,1,0,0
Maoan,PCS,Mid,12388.0,0,1,0,0
FBI,North America,ADC,40985.0,3,2,2,1
P1noy,Europe,ADC,38655.0,7,3,1,1
Crown,Korea,No_Fixed,554863.0,5,3,2,1
Anechek,Russia,Jungle,2225.0,0,0,0,0
Jensen,North America,Mid,376739.0,9,7,1,3
Mata,China,No_Fixed,585456.0,9,6,5,7
Helper,PCS,Coach,849.0,0,0,0,0
Mowgli,Korea,Jungle,81549.0,1,1,2,0
Sangyoon,Korea,ADC,24759.0,1,1,1,0
Impact,North America,Top,539675.0,11,5,4,8
Xmithie,North America,Jungle,283599.0,6,6,2,6
Cody Sun,North America,ADC,51154.0,1,3,1,0
Trick,Korea,Jungle,182178.0,4,3,2,4
Dreams,North America,Support,23006.0,3,3,0,0
Ming,China,Support,506509.0,11,3,0,6
Kaiwing,PCS,Support,67091.0,6,1,1,0
Ramune,Japan,Mid,48070.0,6,0,2,1
Rookie,China,Mid,735323.0,7,4,6,4
Blossom,Brazil,Jungle,7996.0,1,0,0,0
fabFabulous,Turkey,Top,40120.0,6,3,0,2
Armut,Europe,Top,70832.0,4,0,0,2
Wako,PCS,ADC,19122.0,0,1,2,0
Alex,PCS,Jungle,16269.0,0,1,2,0
PK,PCS,Top,54960.0,2,6,4,0
Bwipo,North America,Top,351055.0,5,5,1,4
Haro,China,Jungle,109047.0,3,2,1,1
Joey,North America,Support,17305.0,1,0,0,0
Duke,China,Top,1151427.0,10,2,5,8
SolidSnake,Latin America,Jungle,29425.0,5,1,2,0
Joker,Korea,Support,5945.0,0,1,2,0
Joker,Turkey,ADC,5945.0,0,1,2,0
Steal,Japan,Jungle,121871.0,8,3,1,1
Rather,China,Coach,35294.0,2,1,1,1
Yutapon,Japan,ADC,124856.0,11,6,1,1
Lost,North America,ADC,15792.0,0,3,5,0
Jenkins,North America,Top,16800.0,3,2,0,0
LIDER,Europe,Mid,40470.0,3,3,0,0
Special,Europe,Mid,10610.0,5,7,1,0
Luci,Brazil,Support,14619.0,2,3,1,0
Babip,Oceania,Jungle,23554.0,5,2,0,1
Taikki,Turkey,Jungle,9693.0,0,3,3,0
GALA,China,ADC,120125.0,4,1,0,2
Kaiser,Europe,Support,98621.0,6,2,3,2
Leyan,China,Jungle,72683.0,3,0,0,0
Ysera,PCS,Support,16261.0,0,2,2,0
Apex,PCS,Mid,18114.0,1,2,2,0
Gorica,North America,ADC,1692.0,0,2,1,0
Iwandy,China,Support,19859.0,0,2,0,0
Mojito,Turkey,Jungle,13296.0,4,0,1,2
Wei,China,Jungle,104175.0,3,0,0,2
Yampi,Brazil,Jungle,10504.0,3,3,2,0
Luana,Turkey,Top,325.0,0,3,0,0
NOsFerus,Brazil,Mid,2913.0,1,1,0,0
MightyDragon,Russia,Jungle,5133.0,1,2,0,0
Tenacity,North America,Top,6220.0,2,1,3,0
Jool,Korea,Mid,505.0,0,0,0,0
Vitin,Brazil,ADC,260.0,0,0,0,0
Guigo,Brazil,Top,12006.0,3,0,1,0
Hoglet,Japan,Jungle,1076.0,0,1,2,0
Kartis,PCS,Top,3674.0,1,0,0,0
Danny,North America,ADC,3220.0,1,1,1,0
Aladoric,Oceania,Support,12788.0,1,2,0,0
Willer,Korea,Jungle,20536.0,1,1,0,0
Shenyi,China,Support,39844.0,0,2,1,0
EMENES,Turkey,Mid,496.0,2,0,0,0
Poppy,China,Coach,339.0,0,0,0,0
Cpt Jack,Korea,No_Fixed,41311.0,3,3,0,1
Buggax,Latin America,Top,36636.0,4,0,1,0
Tony Top,North America,Top,3900.0,0,2,0,0
SOLKA,Korea,Mid,5793.0,0,0,1,0
Bando,Europe,Top,35176.0,6,7,2,0
Broxah,North America,Jungle,353940.0,6,3,4,4
Bush,PCS,Top,600.0,0,0,0,0
Damonte,North America,Mid,23763.0,1,2,2,0
Mountain,PCS,No_Fixed,71160.0,1,2,2,0
Betsy,Europe,Mid,500.0,0,0,0,0
Flame,Korea,Top,132955.0,3,4,1,3
Candy,PCS,Mid,27000.0,3,1,0,0
Shellkunchik,Russia,Top,42.0,0,0,0,0
Wraith,Korea,No_Fixed,176649.0,0,1,1,0
Meteos,North America,Jungle,135660.0,5,4,1,2
NL,PCS,ADC,70532.0,3,0,0,1
Slay,Vietnam,ADC,60702.0,4,1,1,0
Mimic,Oceania,Top,4757.0,2,0,1,0
Zeros,Vietnam,Top,48254.0,3,2,1,0
Gimliques,Russia,Top,2088.0,0,0,0,0
Chibs,Europe,Mid,1306.0,0,3,6,0
Huni,North America,Top,380708.0,5,5,5,4
Levi,Vietnam,Jungle,93077.0,9,5,0,0
Deftly,North America,ADC,15813.0,0,3,0,0
Rest,PCS,Top,31099.0,1,1,4,1
Liang,PCS,Top,44904.0,0,4,3,0
Crash,Japan,Jungle,44372.0,2,0,2,0
Hana,PCS,Jungle,27840.0,1,0,2,1
Alive,Turkey,ADC,14151.0,2,2,0,0
Lilv,PCS,ADC,33067.0,1,2,4,1
Hieu3,Vietnam,Support,9237.0,0,1,0,0
BaeMe,Korea,Mid,47167.0,0,0,1,0
Ackerman,Latin America,Support,17940.0,4,0,0,0
Korpse,Turkey,Support,650.0,1,0,0,0
Hai,North America,Mid,87649.0,5,2,1,2
Spirit,Korea,No_Fixed,166570.0,2,5,5,1
zig,North America,Top,17100.0,1,0,2,1
NoFe,Korea,No_Fixed,8765.0,0,0,0,0
Smeb,Korea,Top,312308.0,4,7,3,2
DiscotEkka,Russia,Mid,20549.0,0,4,0,0
Yuri,Brazil,Mid,3774.0,0,1,0,0
Lies,China,Top,10181.0,0,1,0,0
Werlyb,Europe,Top,21754.0,7,1,0,0
Cookie,Korea,No_Fixed,6486.0,1,3,0,0
Zanzarah,Europe,Jungle,35579.0,3,8,1,0
WeiLun,PCS,ADC,600.0,0,0,0,0
Ryu,North America,Mid,185402.0,3,3,6,2
Phantiks,Oceania,Top,14106.0,3,2,1,0
Triple,North America,Mid,20684.0,5,2,0,1
Rockky,PCS,Top,50819.0,6,1,2,0
G4,PCS,Mid,56678.0,9,3,2,0
Lloyd,PCS,Jungle,55178.0,9,3,2,0
Tierwulf,Latin America,Jungle,36052.0,5,2,0,0
Slow,Latin America,Support,54809.0,6,3,1,0
Seiya,Latin America,Mid,38945.0,6,1,3,0
Oddie,Latin America,Jungle,48045.0,7,1,3,0
Topoon,North America,Top,4450.0,3,0,0,0
DNK,Vietnam,Jungle,10954.0,0,1,2,0
Artifact,Vietnam,Mid,11841.0,0,1,2,0
Celebrity,Vietnam,ADC,12612.0,2,1,3,0
KingJ,Vietnam,Top,9676.0,0,1,2,0
DanDy,China,No_Fixed,271874.0,3,2,3,2
Rein,Russia,Jungle,1419.0,0,0,0,0
Xpecial,North America,Support,76040.0,4,7,4,1
MMD,PCS,Top,136650.0,6,1,1,6
Imp,Korea,ADC,329670.0,4,4,5,3
Kronos,Europe,No_Fixed,4063.0,1,2,0,0
Kamil,Turkey,Jungle,351.0,0,2,0,0
TusiN,Korea,Support,108129.0,1,3,3,1
Raise,Korea,Jungle,4368.0,1,0,1,0
Profit,Europe,Top,28366.0,2,0,0,1
Dread,Korea,Jungle,14233.0,1,0,1,0
Art,Japan,ADC,2034.0,1,0,1,0
Altec,North America,ADC,11000.0,0,1,1,0
Warangelus,Latin America,ADC,30360.0,2,5,1,0
Thinkcard,North America,No_Fixed,1300.0,0,1,0,0
Instinct,North America,ADC,900.0,0,0,1,0
PawN,Korea,Mid,448344.0,8,4,5,5
Coco,Korea,No_Fixed,34962.0,0,1,3,0
Captain,China,Mid,14615.0,1,0,0,0
Griffin,North America,Jungle,9250.0,0,2,2,0
Skash,Russia,Support,11557.0,1,0,0,0
Ares,Korea,Coach,14468.0,2,0,0,0
Jestkui Max,Russia,Support,18751.0,0,4,0,0
HiRit,Europe,Top,13204.0,3,0,0,0
Shady,North America,Support,12710.0,3,4,4,1
Mystic,China,ADC,204301.0,4,2,2,2
Reven,Brazil,No_Fixed,4589.0,1,0,0,0
Madness,Turkey,ADC,7734.0,2,0,1,2
Blazes,Vietnam,Mid,8271.0,1,1,3,0
Arthur,Korea,Jungle,10763.0,0,1,1,0
PoohManDu,Korea,Coach,252967.0,4,0,2,3
Mixsi,Europe,Jungle,383.0,0,0,1,0
MikeYeung,North America,Jungle,9600.0,3,2,0,1
Treatz,Europe,Jungle,12184.0,1,4,3,0
Gariaru,Japan,Jungle,800.0,0,1,2,0
GBM,Korea,No_Fixed,33400.0,3,2,0,1
Kinzu,Russia,ADC,15601.0,0,2,2,0
Mash,North America,ADC,9250.0,1,2,0,0
Yoon,PCS,Support,2450.0,0,1,0,0
Benji,North America,Coach,4000.0,0,0,1,0
Breeze,PCS,ADC,32502.0,0,2,3,0
Shy,Korea,Top,100948.0,1,5,2,0
Ace,Korea,No_Fixed,21490.0,2,2,1,0
Ace,Japan,Mid,21490.0,2,2,1,0
Envy,Brazil,Mid,18131.0,4,1,0,0
Upset,Europe,ADC,42723.0,0,3,2,0
Rikara,North America,ADC,37025.0,2,0,0,0
Crowno,Europe,Top,541.0,2,1,0,0
Bang,Korea,ADC,1057318.0,9,5,2,9
Piglet,North America,ADC,261128.0,4,1,4,3
MrRalleZ,North America,ADC,5464.0,0,0,2,0
Hylissang,Europe,Support,389692.0,6,11,3,4
K,PCS,Support,33402.0,0,2,3,0
LagsAlot,Europe,No_Fixed,401.0,0,0,0,0
Turtle,Brazil,No_Fixed,6877.0,1,1,1,0
Jiizuke,North America,Mid,54564.0,1,0,2,0
Phrenic,Europe,Jungle,19427.0,3,6,1,0
Motive,Korea,Support,5974.0,0,0,2,0
Anthrax,Europe,Support,12281.0,6,3,0,0
Laynel,Russia,Mid,1336.0,0,1,0,0
Kramer,China,ADC,113854.0,0,3,2,0
Totoro,Oceania,Support,13951.0,1,0,0,0
Stixxay,North America,ADC,68315.0,1,3,3,1
Gate,North America,Support,2000.0,0,0,1,0
Inori,North America,Jungle,16000.0,3,1,1,0
Apollo,North America,ADC,10340.0,1,1,2,0
Alex Ich,North America,Mid,93049.0,4,5,1,1
Goldenglue,North America,No_Fixed,22000.0,1,2,1,0
Jesiz,Europe,Support,85412.0,2,2,5,0
Exile,Europe,Mid,28005.0,2,7,2,0
Mylon,Brazil,Top,27408.0,4,2,2,0
Secret,Japan,Support,11903.0,0,1,2,0
Swift,China,Jungle,41589.0,0,2,1,0
Ceros,Japan,Mid,94940.0,10,7,1,1
Fragas,North America,Jungle,10800.0,1,0,0,0
Doss,Europe,Support,13320.0,2,6,2,0
OdduGi,Japan,ADC,533.0,0,0,0,0
ItsCortez,Russia,Jungle,3169.0,0,0,0,0
Voyboy,North America,Top,35450.0,3,3,3,0
Tank,PCS,Mid,32009.0,0,3,2,0
ZWuJi,China,ADC,4571.0,0,1,0,0
Nyu,Brazil,Top,3797.0,2,0,2,0
Xyraz,Europe,Top,1202.0,1,1,1,0
Maxi,Europe,Jungle,21641.0,2,7,0,0
Keel,North America,Jungle,2000.0,1,0,0,0
Chad,North America,Jungle,6000.0,1,0,2,0
Hjarnan,Europe,ADC,155680.0,10,9,7,1
Tuesday,North America,Mid,14590.0,2,3,1,0
Stitch,Korea,ADC,38976.0,1,1,2,0
Dan Dan,Europe,Top,27546.0,6,6,1,0
Viod,Korea,ADC,14152.0,1,0,0,0
Dracxar,Korea,Jungle,251.0,0,1,0,0
Shiganari,Turkey,ADC,8590.0,0,3,0,0
BeryL,Korea,Support,337477.0,8,2,1,5
Rakin,North America,Mid,4338.0,0,1,1,0
Paranoia,Russia,Mid,22995.0,1,3,1,0
M1anhua,China,Jungle,5862.0,0,3,0,0
Orome,Europe,Top,34675.0,3,2,2,0
Falco,Europe,Support,18065.0,4,1,0,0
ADD,China,Top,27273.0,1,2,0,0
aphromoo,North America,Support,131340.0,2,6,2,2
Keith,North America,ADC,31400.0,1,4,1,0
Chaser,North America,Jungle,19486.0,0,1,0,0
Keane,North America,Mid,6000.0,1,0,0,0
Seraph,Korea,Top,3356.0,0,0,1,0
Expect,Europe,Top,166311.0,5,3,0,3
Nagne,Korea,Mid,62287.0,1,1,0,0
HeaQ,Europe,ADC,10421.0,0,1,1,0
brTT,Brazil,ADC,55524.0,8,8,4,1
Mlxg,China,Jungle,510811.0,9,3,0,6
y4,China,ADC,75722.0,2,1,0,2
Gemini,PCS,Jungle,31939.0,1,2,2,0
Padden,Turkey,ADC,22577.0,2,0,0,1
Tussle,Japan,Jungle,8777.0,4,4,2,1
PvPStejos,Russia,Jungle,101895.0,6,3,0,0
Zz1tai,China,Top,177179.0,5,3,3,3
Jinoo,China,Top,13685.0,0,1,1,0
dade,Korea,Mid,113967.0,2,2,1,2
Stomaged,Turkey,Jungle,35120.0,5,3,0,2
TrAce,Korea,No_Fixed,18462.0,0,1,0,0
dyNquedo,Brazil,Mid,25398.0,3,0,3,1
BioPanther,Oceania,Top,19274.0,4,1,0,1
Benny,PCS,Coach,23924.0,0,1,2,0
MapSSi,Korea,Support,264.0,0,1,0,0
Kumo,North America,Top,17800.0,1,2,1,0
Crazycaps,Europe,No_Fixed,558.0,0,0,0,0
Nova,Korea,Support,6609.0,0,0,1,0
Mayhem,Turkey,Top,1626.0,0,1,0,0
Crystal,Turkey,Jungle,6088.0,2,2,1,0
Ruvelius,Turkey,ADC,5296.0,2,0,1,1
Fanatiik,North America,Jungle,4982.0,1,3,2,0
TF Blade,North America,Top,2000.0,1,1,0,0
H4cker,China,Jungle,1154.0,0,0,1,0
Anyyy,Brazil,Mid,5178.0,1,0,1,0
YoDa,Brazil,Mid,10926.0,1,0,2,0
Aix,China,Jungle,12190.0,2,1,0,0
Space,Korea,ADC,27760.0,0,2,2,0
WooFe,Brazil,Top,1396.0,0,2,1,0
Dimonko,Russia,Support,6476.0,0,2,1,0
Kryze,Europe,Top,3051.0,1,2,0,0
Optimas,Russia,ADC,3222.0,1,1,0,0
Athena,Korea,Mid,95443.0,3,2,1,0
Midbeast,Oceania,Mid,1000.0,0,1,0,0
Malice,Korea,Jungle,1056.0,0,0,0,0
Minji,PCS,Mid,3300.0,0,0,0,0
Parang,Brazil,Top,8555.0,1,1,1,0
Cool,China,Mid,102124.0,1,2,2,1
KronG,Korea,Top,5832.0,0,1,0,0
Nestea,PCS,Mid,5113.0,0,0,1,0
Shine,Korea,Mid,1017.0,1,0,0,0
Zelt,Latin America,Top,1895.0,4,2,1,0
Merit,Korea,ADC,251.0,0,1,0,0
Jun,Korea,Support,981.0,1,0,0,0
Pancake,Latin America,Mid,8559.0,1,1,1,0
Josedeodo,North America,Jungle,11965.0,1,0,1,0
Tally,Oceania,Mid,20826.0,4,2,3,0
Shemek,Europe,Top,37801.0,12,6,3,0
Yunbee,North America,Mid,7080.0,2,1,1,0
Diplex,Europe,Mid,1066.0,1,0,3,0
Teeen,China,Support,1415.0,0,0,1,0
Pabu,Oceania,Jungle,8500.0,1,3,0,0
Chazz,Oceania,Mid,8500.0,1,1,0,0
Praedyth,Oceania,ADC,8500.0,1,1,0,0
Decoy,Oceania,Support,11696.0,2,2,3,1
Gamsu,North America,Top,16200.0,1,2,2,0
Xiaocaobao,China,Mid,15489.0,1,0,0,0
Ceo,Latin America,ADC,700.0,0,0,0,0
Husky,PCS,Mid,5600.0,0,2,0,0
YamatoCannon,Europe,Coach,360.0,0,0,0,0
Contractz,North America,Jungle,53773.0,2,2,0,1
5fire,North America,Mid,16530.0,9,3,2,0
AnDa,North America,Jungle,50025.0,5,1,0,0
Storm,Korea,Mid,3452.0,0,1,0,0
LemonNation,North America,Support,87249.0,5,2,0,2
Veritas,Korea,ADC,19902.0,2,3,0,0
LeX,Russia,ADC,5832.0,0,2,1,0
Roamer,Korea,Mid,505.0,1,2,0,0
Hollow,Korea,ADC,2010.0,0,2,1,0
Blanc,Korea,Mid,24824.0,1,0,0,1
Aoi Haru,Russia,Top,4337.0,1,0,0,0
Adrian,North America,Support,28400.0,1,3,5,0
xani,Europe,No_Fixed,9242.0,1,2,1,0
Shook,Europe,Jungle,24450.0,1,0,0,1
Chippys,Oceania,Top,25292.0,4,3,5,0
Dal,Korea,Top,642.0,1,1,0,0
Nappon,Brazil,Jungle,14694.0,2,1,1,1
Looper,Korea,Top,357390.0,3,2,2,2
Balls,North America,Top,83500.0,5,2,1,2
Reignover,North America,No_Fixed,66370.0,2,1,2,2
OmarGod,North America,Jungle,6000.0,0,1,1,0
Mouse,China,Top,245036.0,5,2,2,5
Fireloli,China,Jungle,115921.0,2,1,2,2
Letme,China,Top,428568.0,7,2,0,5
Wuxx,China,ADC,98940.0,2,1,2,1
Condi,China,Jungle,184048.0,3,1,1,2
GodKwai,PCS,Jungle,9872.0,1,1,0,0
Westdoor,PCS,Mid,80942.0,1,2,2,0
Chawy,PCS,Mid,52028.0,0,3,2,0
Archie,PCS,Support,58371.0,4,2,1,0
Nevan,Vietnam,Top,25203.0,2,1,0,0
Optimus,Vietnam,Mid,45675.0,6,1,2,0
NoWay,PCS,ADC,26998.0,6,3,1,0
Sya,Vietnam,Jungle,26581.0,2,2,1,0
Thaldrin,Turkey,No_Fixed,23477.0,5,0,0,1
Dara,Japan,Support,8781.0,6,4,0,1
Morning,PCS,Jungle,39097.0,2,2,3,2
Zeitnot,Turkey,ADC,39570.0,5,3,1,2
Cupcake,Oceania,Support,19052.0,4,2,5,1
Paz,Japan,Top,25031.0,4,5,3,1
Nate,Latin America,Top,26878.0,6,6,0,0
Fix,Latin America,ADC,35665.0,6,4,0,0
Plugo,Latin America,Mid,43537.0,7,3,1,0
Jirall,Latin America,Top,19401.0,4,1,3,0
Zantins,Brazil,Top,24486.0,4,0,0,1
Riyev,Brazil,Support,23121.0,4,0,0,1
Stark,Vietnam,Top,59209.0,5,2,2,0
YiJin,Vietnam,Jungle,30872.0,3,2,3,0
Warzone,Vietnam,Mid,21151.0,1,0,2,0
Relic,Latin America,Top,11412.0,2,2,2,0
Cotopaco,Latin America,Mid,11975.0,2,2,2,0
Renyu,Latin America,ADC,12216.0,2,1,4,0
Arce,Latin America,No_Fixed,11412.0,3,0,2,0
ottovaG,Latin America,ADC,3512.0,7,0,1,0
baybay,PCS,Jungle,45400.0,0,2,2,0
Meliodas,Vietnam,Jungle,38732.0,2,0,1,0
Naul,Vietnam,Mid,61554.0,5,4,1,0
Bigkoro,Vietnam,ADC,50072.0,2,3,1,0
Palette,Vietnam,Support,59918.0,4,3,1,0
Raes,North America,ADC,11302.0,4,4,3,1
Pretty,North America,Top,29860.0,9,2,1,0
Truklax,Brazil,Top,2545.0,2,4,0,0
Tabe,China,Coach,55327.0,0,1,0,0
Conan,China,Support,32267.0,2,0,1,0
WaenA,Turkey,Mid,178.0,0,2,1,0
Blasting,Russia,ADC,29902.0,3,1,0,0
West,China,ADC,95566.0,2,2,1,1
Ruin,Korea,Top,12090.0,2,0,3,0
Atlen,PCS,ADC,30730.0,3,0,1,2
Praelus,Oceania,Jungle,2459.0,1,0,0,0
MarioMe,Latin America,ADC,5461.0,2,0,1,0
Zeicro,Latin America,ADC,4027.0,1,2,1,0
Genthix,Latin America,Support,17582.0,3,0,2,0
Freire,Brazil,Jungle,5523.0,2,0,1,0
Atlanta,Brazil,Mid,5020.0,2,0,0,0
Empt2y,PCS,Jungle,21491.0,1,1,0,0
wuji,PCS,Mid,9195.0,1,2,2,0
Jukes,North America,Top,800.0,0,0,0,0
Yusui,North America,Mid,800.0,0,0,0,0
Fill,North America,Support,3000.0,0,1,0,0
Panda,North America,Jungle,720.0,1,0,0,0
Prismal,North America,ADC,9000.0,3,2,1,0
FakeGod,North America,Top,2000.0,1,0,0,0
Seize,Korea,Jungle,5430.0,0,1,0,0
CheonGo,Korea,Mid,3410.0,0,0,0,0
Shini,Brazil,Jungle,16561.0,4,3,0,0
Mills,Brazil,ADC,8216.0,2,1,0,0
Aslan,Brazil,Mid,2637.0,0,1,1,0
Rogue,Oceania,Support,6114.0,2,0,2,0
Recap,Japan,Mid,387.0,0,1,1,0
Neo,Japan,Jungle,3232.0,2,0,1,1
Kuma,Korea,Jungle,4299.0,0,0,1,0
Fenfen,China,Mid,5604.0,0,0,0,0
Wing,PCS,Support,2900.0,0,0,0,0
MGX,Turkey,Mid,162.0,0,0,1,0
REFRA1N,PCS,Jungle,12886.0,1,1,1,0
Venus,Vietnam,Support,21739.0,0,4,1,0
Piloto,Brazil,Mid,795.0,0,0,0,0
Aloned,Latin America,Mid,11482.0,1,1,0,0
Cao,North America,Support,940.0,0,0,1,0
NaMei,China,ADC,123247.0,4,2,0,4
Ley,China,Support,55724.0,1,1,2,1
Slugger,Korea,Top,1155.0,0,0,0,0
Silk,Korea,Jungle,234.0,0,0,0,0
Mocha,Turkey,Support,6893.0,1,0,0,1
Hasmed,Vietnam,Top,6660.0,0,1,1,0
Holo,PCS,Jungle,4233.0,0,0,2,0
Shu Hari,Latin America,Support,700.0,0,0,0,0
Hidan,Brazil,Top,543.0,1,0,0,0
Trigo,Brazil,ADC,2297.0,1,1,0,0
Woodboy,Brazil,Support,1099.0,0,0,1,0
Kuroko,Vietnam,Jungle,1962.0,0,0,0,0
Style,Vietnam,ADC,4109.0,1,0,0,0
Froggy,Vietnam,Mid,3027.0,0,1,0,0
Zica,Vietnam,Top,3928.0,0,0,0,0
Fitz,Brazil,Top,7384.0,0,1,1,0
Kennedys,Brazil,Top,1248.0,0,0,1,0
Reversed,Brazil,Top,434.0,0,0,0,0
Titeito,Brazil,Mid,149.0,0,0,0,0
Hauz,Brazil,Mid,5128.0,3,0,0,0
Asta,Brazil,Jungle,1223.0,2,1,0,0
Save,Korea,ADC,39781.0,0,2,1,0
Swiffer,Europe,Mid,3656.0,2,4,1,0
Yupps,Brazil,Top,356.0,0,0,0,0
Citrus,Korea,Jungle,4125.0,0,1,0,0
Hanor,Brazil,Mid,74.0,0,0,0,0
Yatsu,Brazil,No_Fixed,74.0,0,0,0,0
Mousty,Brazil,Jungle,596.0,0,0,0,0
JackPoT,Latin America,Top,1471.0,1,0,0,0
Hawk,Brazil,Support,3270.0,1,0,0,0
JimieN,PCS,Mid,4800.0,0,0,1,0
Bounty,Brazil,Support,891.0,2,0,0,0
Raina,Japan,Support,21490.0,1,2,1,0
Acce,Latin America,Top,18974.0,1,3,2,0
Leza,Latin America,ADC,15831.0,1,3,1,0
Shadow,Latin America,Support,24770.0,1,1,1,0
Shadow,Latin America,Support,18695.0,1,3,1,0
Isles,North America,Support,10850.0,2,3,0,0
Eign,Korea,Mid,1246.0,2,0,0,0
Slayder,Vietnam,ADC,20973.0,2,1,3,0
RoseThorn,North America,Jungle,7800.0,2,1,2,0
Nxi,North America,Jungle,5920.0,3,3,0,0
Straight,Latin America,Top,563.0,0,1,0,0
Haeri,North America,Mid,6000.0,2,3,0,0
TH,Vietnam,Top,3898.0,0,0,2,0
Draktharr,Vietnam,Jungle,1511.0,0,0,0,0
Glory,Vietnam,Mid,1511.0,0,0,0,0
Aomine,Vietnam,ADC,874.0,0,0,0,0
Elio,Vietnam,Support,1511.0,0,0,0,0
LL,Vietnam,Top,4795.0,0,1,0,0
Thien,North America,Top,2000.0,1,1,2,0
Katsurii,North America,ADC,2000.0,1,0,2,0
Yursan,North America,Support,3300.0,0,0,2,0
Cabu,Brazil,Support,4396.0,1,0,3,0
Jauny,Latin America,Top,6080.0,4,1,1,0
Emp,Latin America,Mid,10054.0,1,4,2,0
TopLop,Latin America,Mid,5000.0,2,1,1,0
Erry,Latin America,ADC,6800.0,1,1,1,0
Baula,Latin America,Support,6916.0,1,5,0,0
EasyLove,Vietnam,ADC,21547.0,1,4,0,0
Neephesto,Brazil,Jungle,349.0,0,0,0,0
Skeeto,Brazil,Top,1402.0,2,3,1,0
Follow,Brazil,Jungle,1321.0,4,1,0,0
Damage,Brazil,Support,6632.0,1,3,1,0
BocaJR,Brazil,Support,6045.0,2,0,1,0
Bankai,Brazil,Top,596.0,0,0,0,0
Kiari,Brazil,Top,2154.0,0,1,0,0
Erasus,Brazil,Jungle,2698.0,1,0,0,0
Froststrike,Brazil,Jungle,3995.0,1,3,0,0
bydeki,Brazil,Mid,1843.0,0,0,1,0
Harumi,Brazil,Support,474.0,0,0,0,0
Spawn,North America,ADC,3880.0,1,0,0,0
Shoryu,North America,ADC,10200.0,2,4,0,0
fNb,Brazil,Top,6798.0,2,3,0,0
Takeover,North America,Mid,400.0,0,1,1,0
Hyper,North America,Jungle,550.0,0,0,2,0
Sephis,Brazil,Jungle,4597.0,2,0,0,0
Bean J,Vietnam,Jungle,1862.0,1,1,0,0
Arrietty,Vietnam,ADC,1862.0,1,1,0,0
Taki,Vietnam,Support,1862.0,1,1,0,0
Bible,Korea,Support,356.0,1,0,0,0
Beichuan,China,Jungle,36866.0,0,2,0,0
Apii,Oceania,Top,5000.0,1,1,0,0
Minous,Korea,Support,642.0,1,1,0,0
iBo,Europe,Top,57553.0,9,7,1,0
Jaylink,Europe,ADC,949.0,1,0,1,0
Erdote,Europe,Support,11941.0,3,1,1,0
Miniduke,Europe,Jungle,3409.0,2,1,1,0
Odi11,Europe,ADC,5401.0,1,0,1,0
Clever,Korea,ADC,1779.0,0,0,0,0
Netuno,Brazil,ADC,909.0,1,0,0,0
Vital,Korea,ADC,1726.0,0,1,1,0
Tyrin,Brazil,Top,1847.0,0,1,1,0
ST3PZ,Brazil,ADC,1847.0,0,2,1,0
Pridestalkr,North America,Jungle,16271.0,1,1,3,0
